Question Sent,question_Response_type,response to question,updated_at,Voter ID
Planning to vote?,yes_no,No,2022-09-30 16:30:35.063947Z,1199159941
Planning to vote?,yes_no,Yes,2022-09-30 16:54:04.641891Z,1216330175
Planning to vote?,yes_no,Yes,2022-09-30 19:06:54.005040Z,1219762392
Planning to vote?,yes_no,Yes,2022-09-30 19:49:11.434473Z,1111158835
Planning to vote?,yes_no,Yes,2022-09-30 19:49:27.027781Z,2001172788
Planning to vote?,yes_no,No,2022-09-30 19:49:36.127873Z,1219036818
Planning to vote?,yes_no,Yes,2022-09-30 19:49:48.704461Z,2176486300
Planning to vote?,yes_no,Yes,2022-09-30 19:50:01.742209Z,1202793966
Planning to vote?,yes_no,Yes,2022-09-30 19:50:20.887190Z,1103045569
Planning to vote?,yes_no,No,2022-09-30 19:50:35.894984Z,2144886134
Planning to vote?,yes_no,Yes,2022-09-30 19:50:58.703015Z,1111191881
Planning to vote?,yes_no,Yes,2022-09-30 19:51:10.211424Z,1108858843
Planning to vote?,yes_no,No,2022-09-30 19:51:17.149311Z,1174165311
Planning to vote?,yes_no,No,2022-09-30 19:51:25.454383Z,1111917349
Planning to vote?,yes_no,Yes,2022-09-29 18:33:32.731774Z,1144441025
Planning to vote?,yes_no,Yes,2022-09-30 15:55:42.745009Z,1103049503
Planning to vote?,yes_no,Yes,2022-09-29 18:41:28.706442Z,1043427395
Planning to vote?,yes_no,Yes,2022-09-29 18:38:29.159755Z,1146383861
Planning to vote?,yes_no,Yes,2022-09-29 18:15:01.432667Z,2170447899
Planning to vote?,yes_no,Yes,2022-09-29 18:37:41.394491Z,2173951744
Planning to vote?,yes_no,Yes,2022-09-29 18:28:00.507593Z,1203537020
Planning to vote?,yes_no,Yes,2022-09-29 20:34:11.673175Z,2184567301
Planning to vote?,yes_no,No,2022-09-29 20:22:38.315542Z,2123590810
Planning to vote?,yes_no,Yes,2022-09-30 15:39:10.944436Z,2184040842
Planning to vote?,yes_no,Yes,2022-09-29 18:22:20.012229Z,2156642512
Planning to vote?,yes_no,Yes,2022-09-29 20:32:29.431389Z,2127199855
Planning to vote?,yes_no,No,2022-09-30 15:48:27.354653Z,2121986057
Planning to vote?,yes_no,Yes,2022-09-29 20:08:49.909538Z,2186281584
Planning to vote?,yes_no,Yes,2022-09-29 18:18:21.235367Z,2179192264
Planning to vote?,yes_no,Yes,2022-09-30 16:09:23.779174Z,1112344251
Planning to vote?,yes_no,Yes,2022-09-30 15:34:55.727285Z,1103942287
Planning to vote?,yes_no,Yes,2022-09-29 20:11:44.322231Z,1201571112
Planning to vote?,yes_no,No,2022-09-30 15:51:33.142659Z,2001754649
Planning to vote?,yes_no,Yes,2022-09-30 15:56:31.780919Z,2158213781
Planning to vote?,yes_no,Yes,2022-09-29 18:46:33.147044Z,2177942933
Planning to vote?,yes_no,Yes,2022-09-29 20:35:35.055059Z,2124474180
Planning to vote?,yes_no,Yes,2022-09-29 20:21:32.834611Z,2179356118
Planning to vote?,yes_no,Yes,2022-09-30 15:35:47.170335Z,2164686043
Planning to vote?,yes_no,Yes,2022-09-30 15:49:14.365218Z,2142760737
Planning to vote?,yes_no,Yes,2022-09-30 15:41:19.164357Z,2164272012
Planning to vote?,yes_no,No,2022-09-30 15:34:27.664579Z,2153867488
Planning to vote?,yes_no,Yes,2022-09-29 22:48:19.569878Z,1212405184
Planning to vote?,yes_no,Yes,2022-09-30 15:40:21.541252Z,1102365946
Planning to vote?,yes_no,Yes,2022-09-30 15:59:03.847896Z,1109255465
Planning to vote?,yes_no,No,2022-09-30 15:49:32.039450Z,2164685932
Planning to vote?,yes_no,No,2022-09-30 15:44:06.292817Z,1211848700
Planning to vote?,yes_no,Yes,2022-09-30 15:54:47.331983Z,--
Planning to vote?,yes_no,Yes,2022-09-29 16:59:57.133681Z,2159634239
Planning to vote?,yes_no,Yes,2022-09-29 16:59:27.353663Z,2129640847
Planning to vote?,yes_no,Yes,2022-09-29 16:43:44.616928Z,2128428129
Planning to vote?,yes_no,No,2022-09-29 17:01:29.275050Z,1161348367
Planning to vote?,yes_no,No,2022-09-30 15:48:01.650324Z,2163935663
Planning to vote?,yes_no,Yes,2022-09-29 16:42:05.344464Z,2186508278
Planning to vote?,yes_no,Yes,2022-09-29 22:25:08.194763Z,1102344612
Planning to vote?,yes_no,Yes,2022-09-29 17:00:19.542549Z,2180450496
Planning to vote?,yes_no,No,2022-09-30 15:45:56.956641Z,1147395094
Planning to vote?,yes_no,No,2022-09-29 17:07:37.862655Z,1110611620
Planning to vote?,yes_no,Yes,2022-09-29 16:44:40.321767Z,1112447565
Planning to vote?,yes_no,No,2022-09-30 15:53:47.845543Z,2137839489
Planning to vote?,yes_no,Yes,2022-09-29 17:02:20.742895Z,1150168717
Planning to vote?,yes_no,Yes,2022-09-30 15:46:44.837758Z,1180944303
Planning to vote?,yes_no,No,2022-09-29 16:51:08.699826Z,1105752187
Planning to vote?,yes_no,Yes,2022-09-30 16:13:08.579265Z,1180830706
Planning to vote?,yes_no,Yes,2022-09-29 22:26:49.794647Z,2156760673
Planning to vote?,yes_no,Yes,2022-09-29 17:14:38.205308Z,1103069179
Planning to vote?,yes_no,Yes,2022-09-29 16:43:44.589433Z,2177336319
Planning to vote?,yes_no,Yes,2022-09-29 16:40:26.926662Z,1104248838
Planning to vote?,yes_no,Yes,2022-09-29 17:13:37.480692Z,1112405725
Planning to vote?,yes_no,Yes,2022-09-30 15:37:15.182152Z,1103032468
Planning to vote?,yes_no,No,2022-09-29 22:09:01.674147Z,1171719970
Planning to vote?,yes_no,Yes,2022-09-30 16:15:20.109790Z,1121548492
Planning to vote?,yes_no,No,2022-09-29 17:20:15.474621Z,2165258760
Planning to vote?,yes_no,Yes,2022-09-30 15:57:55.963379Z,2179361930
Planning to vote?,yes_no,Yes,2022-09-29 16:54:59.747793Z,2166127963
Planning to vote?,yes_no,Yes,2022-09-30 16:16:31.922302Z,2183834737
Planning to vote?,yes_no,Yes,2022-09-29 16:44:08.933510Z,1119196179
Planning to vote?,yes_no,No,2022-09-29 16:47:50.593940Z,1112335062
Planning to vote?,yes_no,Yes,2022-09-30 15:45:12.947592Z,1203400517
Planning to vote?,yes_no,No,2022-09-29 16:59:37.681731Z,1166780672
Planning to vote?,yes_no,Yes,2022-09-30 16:09:00.074751Z,1102280756
Planning to vote?,yes_no,No,2022-09-30 15:56:16.218490Z,1103577879
Planning to vote?,yes_no,Yes,2022-09-30 15:54:58.627434Z,2141580130
Planning to vote?,yes_no,Yes,2022-09-29 16:59:13.331964Z,2003071645
Planning to vote?,yes_no,No,2022-09-30 15:44:18.429304Z,1110277717
Planning to vote?,yes_no,Yes,2022-09-30 15:55:31.401800Z,2180332978
Planning to vote?,yes_no,Yes,2022-09-30 15:53:57.522013Z,2188489848
Planning to vote?,yes_no,Yes,2022-09-30 16:15:04.648451Z,2177616562
Planning to vote?,yes_no,Yes,2022-09-30 15:51:11.710356Z,2143516585
Planning to vote?,yes_no,No,2022-09-29 17:49:10.376132Z,1218577067
Planning to vote?,yes_no,No,2022-09-29 20:22:50.881337Z,1206397977
Planning to vote?,yes_no,Yes,2022-09-29 17:42:53.063136Z,2161674570
Planning to vote?,yes_no,Yes,2022-09-30 16:00:26.826104Z,2159200426
Planning to vote?,yes_no,No,2022-09-29 17:38:26.386284Z,1165291223
Planning to vote?,yes_no,Yes,2022-09-29 17:26:25.904820Z,2179784020
Planning to vote?,yes_no,Yes,2022-09-29 17:42:41.750455Z,2120800245
Planning to vote?,yes_no,Yes,2022-09-29 20:08:12.001722Z,2002175359
Planning to vote?,yes_no,Yes,2022-09-29 17:44:20.915642Z,2178529666
Planning to vote?,yes_no,Yes,2022-09-29 18:21:55.642227Z,1139406086
Planning to vote?,yes_no,Yes,2022-09-29 18:40:26.733276Z,1061260847
Planning to vote?,yes_no,Yes,2022-09-29 17:31:02.590365Z,1119178625
Planning to vote?,yes_no,Yes,2022-09-29 17:31:18.894826Z,1170768035
Planning to vote?,yes_no,No,2022-09-29 17:39:07.289012Z,1102265724
Planning to vote?,yes_no,Yes,2022-09-29 17:42:25.638207Z,1102298111
Planning to vote?,yes_no,Yes,2022-09-29 18:20:52.510551Z,2187464508
Planning to vote?,yes_no,Yes,2022-09-29 18:22:50.754208Z,2185581064
Planning to vote?,yes_no,Yes,2022-09-29 18:49:31.891745Z,2132768912
Planning to vote?,yes_no,Yes,2022-09-29 17:51:22.990465Z,2135517680
Planning to vote?,yes_no,No,2022-09-29 17:39:13.112953Z,1112409138
Planning to vote?,yes_no,Yes,2022-09-29 18:50:33.500727Z,1108812362
Planning to vote?,yes_no,Yes,2022-09-29 17:38:31.394458Z,2136828547
Planning to vote?,yes_no,Yes,2022-09-29 17:42:15.130295Z,1114347291
Planning to vote?,yes_no,No,2022-09-30 15:58:33.424075Z,1191763736
Planning to vote?,yes_no,No,2022-09-29 19:55:51.738510Z,1102752620
Planning to vote?,yes_no,Yes,2022-09-29 18:47:27.147688Z,1111191615
Planning to vote?,yes_no,Yes,2022-09-29 17:37:37.270503Z,1103184488
Planning to vote?,yes_no,Yes,2022-09-29 17:38:02.739870Z,2164259200
Planning to vote?,yes_no,Yes,2022-09-29 17:38:23.229207Z,2137960816
Planning to vote?,yes_no,Yes,2022-09-29 17:43:58.854604Z,1153898979
Planning to vote?,yes_no,Yes,2022-09-29 18:29:08.302013Z,1102311807
Planning to vote?,yes_no,Yes,2022-09-29 20:03:58.828516Z,1103719255
Planning to vote?,yes_no,No,2022-09-29 17:38:49.326105Z,2144591279
Planning to vote?,yes_no,Yes,2022-09-29 17:42:00.509626Z,1209727599
Planning to vote?,yes_no,Yes,2022-09-29 20:07:34.180078Z,2145999724
Planning to vote?,yes_no,Yes,2022-09-29 17:39:34.460369Z,2135421529
Planning to vote?,yes_no,Yes,2022-09-29 20:22:29.037430Z,1143689024
Planning to vote?,yes_no,Yes,2022-09-29 17:40:29.221779Z,2152579211
Planning to vote?,yes_no,Yes,2022-09-29 17:40:42.977900Z,1102288536
Planning to vote?,yes_no,No,2022-09-29 17:40:57.938867Z,1111875457
Planning to vote?,yes_no,No,2022-09-29 18:34:44.308326Z,2168552480
Planning to vote?,yes_no,Yes,2022-09-29 17:53:27.347971Z,1213440415
Planning to vote?,yes_no,Yes,2022-09-29 17:41:58.447912Z,1110122288
Planning to vote?,yes_no,Yes,2022-09-29 17:42:30.862221Z,1110198951
Planning to vote?,yes_no,No,2022-09-29 17:52:34.152046Z,2176521321
Planning to vote?,yes_no,Yes,2022-09-29 17:43:02.680736Z,1111925709
Planning to vote?,yes_no,Yes,2022-09-29 20:35:03.888412Z,1108806210
Planning to vote?,yes_no,Yes,2022-09-29 18:51:17.114059Z,2001837800
Planning to vote?,yes_no,Yes,2022-09-29 18:15:56.994765Z,2175950837
Planning to vote?,yes_no,Yes,2022-09-29 18:02:41.793889Z,2174747904
Planning to vote?,yes_no,Yes,2022-09-29 20:04:12.375917Z,1185767924
Planning to vote?,yes_no,No,2022-09-29 17:50:16.790259Z,1111908536
Planning to vote?,yes_no,Yes,2022-09-29 17:50:26.883876Z,1152945860
Planning to vote?,yes_no,Yes,2022-09-29 17:52:03.014273Z,1110661687
Do you have the proper ID to vote?,multiple_choice,Yes,2022-09-29 18:47:29.644413Z,1111191615
Do you have the proper ID to vote?,multiple_choice,Yes,2022-09-29 18:21:57.638280Z,1139406086
Do you have the proper ID to vote?,multiple_choice,Yes,2022-09-30 16:09:15.716166Z,2173951744
Do you have the proper ID to vote?,multiple_choice,Yes,2022-09-29 22:25:10.325259Z,1102344612
Do you have the proper ID to vote?,multiple_choice,Yes,2022-09-29 22:25:32.537244Z,1152945860
Do you have the proper ID to vote?,multiple_choice,No,2022-09-29 16:51:03.066187Z,1105752187
Do you have the proper ID to vote?,multiple_choice,Yes,2022-09-29 16:44:41.940173Z,1112447565
Do you have the proper ID to vote?,multiple_choice,Yes,2022-09-30 15:56:33.486645Z,2158213781
Do you have the proper ID to vote?,multiple_choice,Yes,2022-09-29 16:45:07.646595Z,1119196179
Do you have the proper ID to vote?,multiple_choice,Yes,2022-09-29 17:20:44.347559Z,1103069179
Do you have the proper ID to vote?,multiple_choice,Yes,2022-09-29 16:54:58.201770Z,2166127963
Do you have the proper ID to vote?,multiple_choice,Yes,2022-09-29 16:48:07.603510Z,1104248838
Do you have the proper ID to vote?,multiple_choice,Unsure,2022-09-29 16:55:35.818940Z,1216330175
Do you have the proper ID to vote?,multiple_choice,Unsure,2022-09-30 15:35:03.128141Z,1103942287
Do you have the proper ID to vote?,multiple_choice,Yes,2022-09-29 17:41:18.028430Z,2136828547
Do you have the proper ID to vote?,multiple_choice,Yes,2022-09-29 17:25:16.593427Z,2179361930
Do you have the proper ID to vote?,multiple_choice,Yes,2022-09-29 17:37:09.630587Z,1170768035
Do you have the proper ID to vote?,multiple_choice,Yes,2022-09-29 17:48:41.662965Z,2170447899
Do you have the proper ID to vote?,multiple_choice,Yes,2022-09-29 18:24:37.870894Z,2174747904
Do you have the proper ID to vote?,multiple_choice,Yes,2022-09-29 17:37:40.495277Z,1103184488
Do you have the proper ID to vote?,multiple_choice,Yes,2022-09-29 17:43:57.052472Z,1153898979
Do you have the proper ID to vote?,multiple_choice,Yes,2022-09-29 17:51:24.661926Z,2135517680
Do you have the proper ID to vote?,multiple_choice,Yes,2022-09-29 19:57:35.452631Z,1043427395
Do you have the proper ID to vote?,multiple_choice,Yes,2022-09-29 18:22:38.619169Z,2156642512
Texting correct person,multiple_choice,Contacted,2022-09-30 16:30:36.301585Z,1199159941
Texting correct person,multiple_choice,Contacted,2022-09-30 19:06:55.434335Z,1219762392
Texting correct person,multiple_choice,Refused,2022-09-30 19:07:01.009733Z,1119270440
Texting correct person,multiple_choice,Contacted,2022-09-30 19:49:10.702380Z,1111158835
Texting correct person,multiple_choice,Contacted,2022-09-30 19:49:28.461764Z,2001172788
Texting correct person,multiple_choice,Contacted,2022-09-30 19:49:37.438569Z,1219036818
Texting correct person,multiple_choice,Contacted,2022-09-30 19:49:50.148274Z,2176486300
Texting correct person,multiple_choice,Contacted,2022-09-30 19:50:03.133188Z,1202793966
Texting correct person,multiple_choice,Contacted,2022-09-30 19:50:22.274376Z,1103045569
Texting correct person,multiple_choice,Contacted,2022-09-30 19:50:37.918063Z,2144886134
Texting correct person,multiple_choice,Contacted,2022-09-30 19:50:46.680170Z,2183834737
Texting correct person,multiple_choice,Contacted,2022-09-30 19:50:59.691995Z,1111191881
Texting correct person,multiple_choice,Contacted,2022-09-30 19:51:08.593554Z,1108858843
Texting correct person,multiple_choice,Contacted,2022-09-30 19:51:18.552081Z,1174165311
Texting correct person,multiple_choice,Contacted,2022-09-30 19:51:27.759215Z,1111917349
Texting correct person,multiple_choice,Contacted,2022-09-30 19:51:37.554783Z,2156760673
Texting correct person,multiple_choice,Contacted,2022-09-30 19:51:52.458708Z,1203537020
Texting correct person,multiple_choice,Refused,2022-09-30 16:06:38.854619Z,1119261824
Texting correct person,multiple_choice,Wrong Number,2022-09-29 18:27:33.121954Z,1185864040
Texting correct person,multiple_choice,Contacted,2022-09-30 15:37:16.342537Z,1103032468
Texting correct person,multiple_choice,Wrong Number,2022-09-29 18:02:05.819445Z,1204715957
Texting correct person,multiple_choice,Wrong Number,2022-09-29 18:02:45.863239Z,2174747904
Texting correct person,multiple_choice,Wrong Number,2022-09-29 18:21:45.955304Z,1203158450
Texting correct person,multiple_choice,Contacted,2022-09-29 19:55:53.771608Z,1102752620
Texting correct person,multiple_choice,Contacted,2022-09-29 18:20:55.256095Z,2187464508
Texting correct person,multiple_choice,Wrong Number,2022-09-29 20:01:07.421017Z,1119221376
Texting correct person,multiple_choice,Contacted,2022-09-29 18:15:05.263373Z,2170447899
Texting correct person,multiple_choice,Contacted,2022-09-30 15:47:47.690243Z,2123888864
Texting correct person,multiple_choice,Contacted,2022-09-29 18:18:25.326189Z,2179192264
Texting correct person,multiple_choice,Wrong Number,2022-09-29 20:30:42.469771Z,2178650679
Texting correct person,multiple_choice,Contacted,2022-09-29 20:08:22.238102Z,2145999724
Texting correct person,multiple_choice,Contacted,2022-09-30 15:48:29.175706Z,2121986057
Texting correct person,multiple_choice,Wrong Number,2022-09-29 20:31:16.932847Z,1153469261
Texting correct person,multiple_choice,Contacted,2022-09-30 15:34:59.342924Z,1103942287
Texting correct person,multiple_choice,Contacted,2022-09-30 16:15:18.679140Z,1121548492
Texting correct person,multiple_choice,Contacted,2022-09-30 15:43:42.977254Z,2178529666
Texting correct person,multiple_choice,Contacted,2022-09-30 15:45:13.873238Z,1203400517
Texting correct person,multiple_choice,Contacted,2022-09-30 15:55:32.648059Z,2180332978
Texting correct person,multiple_choice,Refused,2022-09-30 16:10:05.904777Z,1102288308
Texting correct person,multiple_choice,Contacted,2022-09-30 16:10:18.313351Z,1209132777
Texting correct person,multiple_choice,Contacted,2022-09-30 16:13:30.740447Z,2133921550
Texting correct person,multiple_choice,Refused,2022-09-30 16:15:11.844312Z,2134295256
Texting correct person,multiple_choice,Wrong Number,2022-09-29 20:34:06.392357Z,1102381918
Texting correct person,multiple_choice,Wrong Number,2022-09-30 16:21:13.140957Z,2137849233
Texting correct person,multiple_choice,Contacted,2022-09-29 20:32:31.299852Z,2127199855
Texting correct person,multiple_choice,Contacted,2022-09-29 20:09:39.002748Z,1185767924
Texting correct person,multiple_choice,Contacted,2022-09-29 20:22:40.855018Z,2123590810
Texting correct person,multiple_choice,Contacted,2022-09-29 20:34:13.384600Z,2184567301
Texting correct person,multiple_choice,Contacted,2022-09-29 20:22:24.436092Z,1143689024
Texting correct person,multiple_choice,Contacted,2022-09-29 20:11:46.549771Z,1201571112
Texting correct person,multiple_choice,Wrong Number,2022-09-29 22:48:24.121856Z,1212405184
Texting correct person,multiple_choice,Contacted,2022-09-30 15:52:39.856141Z,1119246041
Texting correct person,multiple_choice,Wrong Number,2022-09-30 16:16:21.055287Z,2160909174
Texting correct person,multiple_choice,Contacted,2022-09-30 15:51:34.125559Z,2001754649
Texting correct person,multiple_choice,Refused,2022-09-30 16:21:19.788742Z,1191750415
Texting correct person,multiple_choice,Wrong Number,2022-09-30 16:22:09.768128Z,1154460658
Texting correct person,multiple_choice,Contacted,2022-09-30 15:43:12.844912Z,1061260847
Texting correct person,multiple_choice,Refused,2022-09-30 16:16:14.228665Z,2187323984
Texting correct person,multiple_choice,Contacted,2022-09-30 15:45:58.660683Z,1147395094
Texting correct person,multiple_choice,Contacted,2022-09-30 15:34:32.529360Z,2153867488
Texting correct person,multiple_choice,Contacted,2022-09-29 22:29:22.959018Z,1211848700
Texting correct person,multiple_choice,Contacted,2022-09-30 15:53:56.366741Z,2188489848
Texting correct person,multiple_choice,Contacted,2022-09-29 16:59:15.159619Z,2003071645
Texting correct person,multiple_choice,Wrong Number,2022-09-29 17:19:05.781582Z,2184343544
Texting correct person,multiple_choice,Refused,2022-09-30 16:06:47.761021Z,1202694895
Texting correct person,multiple_choice,Wrong Number,2022-09-29 16:47:52.247103Z,1112335062
Texting correct person,multiple_choice,Wrong Number,2022-09-29 17:19:37.396564Z,2001517398
Texting correct person,multiple_choice,Wrong Number,2022-09-29 17:13:39.500094Z,1112405725
Texting correct person,multiple_choice,Contacted,2022-09-30 15:56:30.275022Z,2158213781
Texting correct person,multiple_choice,Contacted,2022-09-30 15:44:16.870978Z,1110277717
Texting correct person,multiple_choice,Contacted,2022-09-30 15:53:49.068616Z,2137839489
Texting correct person,multiple_choice,Wrong Number,2022-09-29 22:23:25.671780Z,2154751218
Texting correct person,multiple_choice,Wrong Number,2022-09-29 16:46:14.379943Z,1119203572
Texting correct person,multiple_choice,Wrong Number,2022-09-29 22:28:07.669632Z,2184040842
Texting correct person,multiple_choice,Contacted,2022-09-30 15:40:23.309220Z,1102365946
Texting correct person,multiple_choice,Contacted,2022-09-29 22:25:34.920545Z,1152945860
Texting correct person,multiple_choice,Refused,2022-09-29 17:22:45.664163Z,1213880708
Texting correct person,multiple_choice,Contacted,2022-09-29 16:43:46.496617Z,2128428129
Texting correct person,multiple_choice,Contacted,2022-09-29 17:20:14.256993Z,2165258760
Texting correct person,multiple_choice,Contacted,2022-09-29 17:00:22.521089Z,2180450496
Texting correct person,multiple_choice,Wrong Number,2022-09-29 17:13:34.099722Z,1148131140
Texting correct person,multiple_choice,Contacted,2022-09-29 16:44:45.622406Z,1112447565
Texting correct person,multiple_choice,Refused,2022-09-29 17:21:21.149490Z,1119135839
Texting correct person,multiple_choice,Wrong Number,2022-09-29 16:50:55.468998Z,1105752187
Texting correct person,multiple_choice,Wrong Number,2022-09-29 17:14:37.206861Z,2184738511
Texting correct person,multiple_choice,Wrong Number,2022-09-30 15:31:12.505862Z,1215959963
Texting correct person,multiple_choice,Wrong Number,2022-09-29 17:09:51.853749Z,1168952924
Texting correct person,multiple_choice,Refused,2022-09-30 15:35:24.824079Z,1141625239
Texting correct person,multiple_choice,Contacted,2022-09-29 17:02:22.252290Z,1150168717
Texting correct person,multiple_choice,Contacted,2022-09-29 16:44:11.015279Z,1119196179
Texting correct person,multiple_choice,Refused,2022-09-30 16:22:50.569055Z,2185306361
Texting correct person,multiple_choice,Wrong Number,2022-09-29 16:39:54.749936Z,2001223992
Texting correct person,multiple_choice,Wrong Number,2022-09-30 15:35:34.734791Z,2143328607
Texting correct person,multiple_choice,Wrong Number,2022-09-29 16:46:29.625387Z,1119203720
Texting correct person,multiple_choice,Contacted,2022-09-29 17:14:51.943086Z,1103069179
Texting correct person,multiple_choice,Contacted,2022-09-30 15:46:43.640328Z,1180944303
Texting correct person,multiple_choice,Wrong Number,2022-09-29 17:20:26.707992Z,1171605085
Texting correct person,multiple_choice,Contacted,2022-09-30 15:51:12.624041Z,2143516585
Texting correct person,multiple_choice,Wrong Number,2022-09-29 22:20:26.932393Z,1110652562
Texting correct person,multiple_choice,Refused,2022-09-30 15:51:50.755338Z,1114456561
Texting correct person,multiple_choice,Contacted,2022-09-30 16:18:14.655894Z,2001837800
Texting correct person,multiple_choice,Refused,2022-09-30 15:33:38.472225Z,1107270162
Texting correct person,multiple_choice,Refused,2022-09-30 16:13:47.544448Z,2192097772
Texting correct person,multiple_choice,Refused,2022-09-30 16:06:33.767294Z,1110692399
Texting correct person,multiple_choice,Wrong Number,2022-09-29 17:18:08.340582Z,2120598774
Texting correct person,multiple_choice,Refused,2022-09-29 17:21:30.420653Z,2120801813
Texting correct person,multiple_choice,Wrong Number,2022-09-30 15:47:10.242316Z,2134220242
Texting correct person,multiple_choice,Wrong Number,2022-09-29 17:08:30.805329Z,1178861174
Texting correct person,multiple_choice,Contacted,2022-09-30 15:56:43.483695Z,1111191615
Texting correct person,multiple_choice,Contacted,2022-09-30 15:57:57.233811Z,2179361930
Texting correct person,multiple_choice,Contacted,2022-09-30 15:38:48.145657Z,1161169183
Texting correct person,multiple_choice,Refused,2022-09-30 16:14:44.542292Z,1184967878
Texting correct person,multiple_choice,Contacted,2022-09-30 15:52:49.096146Z,1146383861
Texting correct person,multiple_choice,Contacted,2022-09-30 16:09:05.443906Z,1102280756
Texting correct person,multiple_choice,Spanish,2022-09-29 22:49:58.060364Z,1199871982
Texting correct person,multiple_choice,Contacted,2022-09-30 15:41:17.827516Z,2164272012
Texting correct person,multiple_choice,Contacted,2022-09-29 16:42:41.707327Z,1104248838
Texting correct person,multiple_choice,Wrong Number,2022-09-29 17:21:42.700465Z,1104208603
Texting correct person,multiple_choice,Wrong Number,2022-09-29 16:42:30.680645Z,2176204793
Texting correct person,multiple_choice,Wrong Number,2022-09-30 16:09:30.731656Z,--
Texting correct person,multiple_choice,Wrong Number,2022-09-29 22:16:18.130124Z,1103201280
Texting correct person,multiple_choice,Contacted,2022-09-30 15:44:32.638944Z,2184005065
Texting correct person,multiple_choice,Contacted,2022-09-30 16:11:22.200055Z,2124474180
Texting correct person,multiple_choice,Contacted,2022-09-30 15:48:03.333898Z,2163935663
Texting correct person,multiple_choice,Refused,2022-09-30 16:09:59.036368Z,2134155854
Texting correct person,multiple_choice,Wrong Number,2022-09-30 15:56:14.628638Z,1103577879
Texting correct person,multiple_choice,Contacted,2022-09-29 22:25:05.873055Z,1102344612
Texting correct person,multiple_choice,Wrong Number,2022-09-29 17:19:47.112428Z,2175663638
Texting correct person,multiple_choice,Contacted,2022-09-29 16:55:03.604596Z,2166127963
Texting correct person,multiple_choice,Contacted,2022-09-29 16:59:40.162522Z,1166780672
Texting correct person,multiple_choice,Contacted,2022-09-29 16:59:59.983458Z,2159634239
Texting correct person,multiple_choice,Refused,2022-09-29 17:18:43.822765Z,1194319002
Texting correct person,multiple_choice,Contacted,2022-09-30 16:15:03.122770Z,2177616562
Texting correct person,multiple_choice,Contacted,2022-09-30 15:54:59.763851Z,2141580130
Texting correct person,multiple_choice,Wrong Number,2022-09-29 16:39:52.983959Z,1112319408
Texting correct person,multiple_choice,Contacted,2022-09-29 16:43:46.176832Z,2177336319
Texting correct person,multiple_choice,Wrong Number,2022-09-29 16:46:01.314970Z,1119204682
Texting correct person,multiple_choice,Refused,2022-09-29 16:46:18.620144Z,1198113685
Texting correct person,multiple_choice,Wrong Number,2022-09-29 16:46:24.206847Z,1218141326
Texting correct person,multiple_choice,Contacted,2022-09-30 16:18:21.331195Z,2131950131
Texting correct person,multiple_choice,Wrong Number,2022-09-29 16:53:14.594247Z,1165085303
Texting correct person,multiple_choice,Contacted,2022-09-30 15:55:43.862090Z,1103049503
Texting correct person,multiple_choice,Contacted,2022-09-30 15:49:15.776887Z,2142760737
Texting correct person,multiple_choice,Wrong Number,2022-09-29 17:18:13.963009Z,1111231838
Texting correct person,multiple_choice,Wrong Number,2022-09-29 17:20:50.361184Z,1108866721
Texting correct person,multiple_choice,Contacted,2022-09-30 15:55:53.120268Z,1206397977
Texting correct person,multiple_choice,Wrong Number,2022-09-29 17:19:29.647232Z,1178785322
Texting correct person,multiple_choice,Contacted,2022-09-30 16:13:07.651072Z,1180830706
Texting correct person,multiple_choice,Contacted,2022-09-30 15:35:48.740680Z,2164686043
Texting correct person,multiple_choice,Refused,2022-09-30 15:42:50.304007Z,2169855630
Texting correct person,multiple_choice,Refused,2022-09-29 17:23:05.153043Z,2178429858
Texting correct person,multiple_choice,Contacted,2022-09-29 17:23:06.782397Z,--
Texting correct person,multiple_choice,Refused,2022-09-30 15:30:56.455691Z,2127416288
Texting correct person,multiple_choice,Wrong Number,2022-09-29 17:27:15.863640Z,2124067974
Texting correct person,multiple_choice,Contacted,2022-09-30 15:59:05.292315Z,1109255465
Texting correct person,multiple_choice,Wrong Number,2022-09-29 18:02:45.574429Z,1105733695
Texting correct person,multiple_choice,Wrong Number,2022-09-29 17:56:23.906825Z,2144166624
Texting correct person,multiple_choice,Contacted,2022-09-30 16:06:00.165294Z,2129640847
Texting correct person,multiple_choice,Contacted,2022-09-30 15:49:33.064852Z,2164685932
Texting correct person,multiple_choice,Refused,2022-09-29 17:38:19.852323Z,1194643862
Texting correct person,multiple_choice,Wrong Number,2022-09-30 16:09:52.304661Z,1148208389
Texting correct person,multiple_choice,Wrong Number,2022-09-29 18:28:59.754973Z,1102311807
Texting correct person,multiple_choice,Contacted,2022-09-29 18:49:39.659995Z,2132768912
Texting correct person,multiple_choice,Refused,2022-09-29 17:41:53.565241Z,2190963915
Texting correct person,multiple_choice,Refused,2022-09-30 15:39:46.912655Z,1198738881
Texting correct person,multiple_choice,Contacted,2022-09-30 15:40:45.899154Z,2179460491
Texting correct person,multiple_choice,Wrong Number,2022-09-29 20:08:59.305685Z,2169368741
Texting correct person,multiple_choice,Wrong Number,2022-09-29 17:24:51.150969Z,1103153910
Texting correct person,multiple_choice,Wrong Number,2022-09-29 20:09:46.304738Z,1182742261
Texting correct person,multiple_choice,Wrong Number,2022-09-29 17:26:28.504542Z,2179784020
Texting correct person,multiple_choice,Wrong Number,2022-09-29 17:50:28.854806Z,1111867431
Texting correct person,multiple_choice,Wrong Number,2022-09-29 18:17:52.688239Z,2164339329
Texting correct person,multiple_choice,Wrong Number,2022-09-29 18:21:03.347042Z,1102334131
Texting correct person,multiple_choice,Contacted,2022-09-29 18:23:07.207567Z,2185581064
Texting correct person,multiple_choice,Wrong Number,2022-09-29 17:31:44.432167Z,1110286460
Texting correct person,multiple_choice,Contacted,2022-09-29 17:31:23.909590Z,1170768035
Texting correct person,multiple_choice,Wrong Number,2022-09-29 17:27:23.309276Z,2164483443
Texting correct person,multiple_choice,Refused,2022-09-29 17:27:30.069555Z,1119212312
Texting correct person,multiple_choice,Refused,2022-09-29 17:49:03.271117Z,2136520888
Texting correct person,multiple_choice,Wrong Number,2022-09-29 17:51:22.176006Z,1211986401
Texting correct person,multiple_choice,Refused,2022-09-29 17:27:49.702939Z,1108045610
Texting correct person,multiple_choice,Wrong Number,2022-09-29 17:41:27.548856Z,1166972720
Texting correct person,multiple_choice,Wrong Number,2022-09-29 17:42:27.281660Z,2122292797
Texting correct person,multiple_choice,Wrong Number,2022-09-29 17:50:49.814723Z,1110411952
Texting correct person,multiple_choice,Wrong Number,2022-09-29 17:28:31.493662Z,2131031342
Texting correct person,multiple_choice,Refused,2022-09-29 17:49:16.101400Z,2120974530
Texting correct person,multiple_choice,Refused,2022-09-29 17:45:45.426305Z,2132769271
Texting correct person,multiple_choice,Contacted,2022-09-29 17:52:43.522457Z,2176521321
Texting correct person,multiple_choice,Contacted,2022-09-29 18:16:00.109614Z,2175950837
Texting correct person,multiple_choice,Contacted,2022-09-29 20:08:14.654881Z,2002175359
Texting correct person,multiple_choice,Contacted,2022-09-29 17:38:04.610793Z,2164259200
Texting correct person,multiple_choice,Other Language,2022-09-29 17:33:30.518109Z,1197920010
Texting correct person,multiple_choice,Wrong Number,2022-09-29 17:52:12.128456Z,1192974121
Texting correct person,multiple_choice,Refused,2022-09-29 17:56:13.863353Z,1186407421
Texting correct person,multiple_choice,Wrong Number,2022-09-29 20:26:41.250112Z,2177338793
Texting correct person,multiple_choice,Wrong Number,2022-09-29 20:22:01.586339Z,1119042735
Texting correct person,multiple_choice,Contacted,2022-09-29 17:50:21.626477Z,1111908536
Texting correct person,multiple_choice,Contacted,2022-09-29 17:43:01.153203Z,1111925709
Texting correct person,multiple_choice,Wrong Number,2022-09-29 17:31:04.802129Z,1119178625
Texting correct person,multiple_choice,Refused,2022-09-29 17:45:59.702944Z,1103089342
Texting correct person,multiple_choice,Wrong Number,2022-09-29 17:52:13.354591Z,2161753482
Texting correct person,multiple_choice,Contacted,2022-09-29 20:21:35.379555Z,2179356118
Texting correct person,multiple_choice,Spanish,2022-09-29 19:51:42.067234Z,2159200426
Texting correct person,multiple_choice,Wrong Number,2022-09-29 17:51:09.647674Z,1102319268
Texting correct person,multiple_choice,Refused,2022-09-29 17:32:07.055267Z,2178815602
Texting correct person,multiple_choice,Wrong Number,2022-09-29 17:32:09.064148Z,2124361041
Texting correct person,multiple_choice,Contacted,2022-09-29 20:21:54.467366Z,1216330175
Texting correct person,multiple_choice,Refused,2022-09-29 17:32:34.430118Z,2161853526
Texting correct person,multiple_choice,Wrong Number,2022-09-29 17:45:47.021441Z,2147097720
Texting correct person,multiple_choice,Refused,2022-09-29 17:38:59.111840Z,2136456260
Texting correct person,multiple_choice,Wrong Number,2022-09-29 18:22:09.771738Z,2160116587
Texting correct person,multiple_choice,Contacted,2022-09-29 17:52:02.060791Z,1110661687
Texting correct person,multiple_choice,Wrong Number,2022-09-29 20:08:32.545584Z,1193844815
Texting correct person,multiple_choice,Refused,2022-09-29 17:37:50.561810Z,1106126760
Texting correct person,multiple_choice,Contacted,2022-09-29 20:35:05.893848Z,1108806210
Texting correct person,multiple_choice,Contacted,2022-09-29 17:38:33.357146Z,2136828547
Texting correct person,multiple_choice,Contacted,2022-09-29 17:51:27.596924Z,2135517680
Texting correct person,multiple_choice,Contacted,2022-09-29 20:08:47.796916Z,2186281584
Texting correct person,multiple_choice,Refused,2022-09-29 17:41:47.246734Z,2185423267
Texting correct person,multiple_choice,Wrong Number,2022-09-29 18:55:37.224727Z,2160740712
Texting correct person,multiple_choice,Refused,2022-09-29 17:46:16.556896Z,1120726932
Texting correct person,multiple_choice,Wrong Number,2022-09-29 17:55:53.769346Z,2175743823
Texting correct person,multiple_choice,Contacted,2022-09-29 17:42:51.384586Z,2161674570
Texting correct person,multiple_choice,Contacted,2022-09-29 17:37:38.274869Z,1103184488
Texting correct person,multiple_choice,Contacted,2022-09-29 17:53:28.995077Z,1213440415
Texting correct person,multiple_choice,Wrong Number,2022-09-29 17:40:20.253618Z,2185766468
Texting correct person,multiple_choice,Wrong Number,2022-09-29 18:42:29.017336Z,1182258260
Texting correct person,multiple_choice,Contacted,2022-09-29 17:38:28.529056Z,1165291223
Texting correct person,multiple_choice,Refused,2022-09-29 17:38:44.917099Z,2175932661
Texting correct person,multiple_choice,Wrong Number,2022-09-29 17:38:51.791241Z,2130591985
Texting correct person,multiple_choice,Contacted,2022-09-29 18:50:40.858511Z,1108812362
Texting correct person,multiple_choice,Contacted,2022-09-29 17:39:10.001168Z,1102265724
Texting correct person,multiple_choice,Contacted,2022-09-29 17:39:36.130515Z,2135421529
Texting correct person,multiple_choice,Contacted,2022-09-29 18:22:00.987955Z,1139406086
Texting correct person,multiple_choice,Refused,2022-09-29 17:39:54.957442Z,1108882899
Texting correct person,multiple_choice,Refused,2022-09-29 17:40:10.536075Z,2173966653
Texting correct person,multiple_choice,Wrong Number,2022-09-29 17:40:28.597652Z,1108782112
Texting correct person,multiple_choice,Wrong Number,2022-09-29 17:40:35.953795Z,2142826844
Texting correct person,multiple_choice,Contacted,2022-09-29 18:46:36.960647Z,2177942933
Texting correct person,multiple_choice,Contacted,2022-09-29 17:40:44.483233Z,1102288536
Texting correct person,multiple_choice,Contacted,2022-09-29 17:40:59.277020Z,1111875457
Texting correct person,multiple_choice,Wrong Number,2022-09-29 17:41:19.542081Z,1217401649
Texting correct person,multiple_choice,Wrong Number,2022-09-29 17:41:35.457778Z,1112360223
Texting correct person,multiple_choice,Wrong Number,2022-09-29 17:41:38.601466Z,2125235479
Texting correct person,multiple_choice,Contacted,2022-09-29 17:42:00.384811Z,1110122288
Texting correct person,multiple_choice,Contacted,2022-09-29 17:42:01.724147Z,1209727599
Texting correct person,multiple_choice,Contacted,2022-09-29 17:42:13.748694Z,1114347291
Texting correct person,multiple_choice,Wrong Number,2022-09-29 17:42:16.292705Z,2144382222
Texting correct person,multiple_choice,Contacted,2022-09-29 17:42:27.354913Z,1102298111
Texting correct person,multiple_choice,Contacted,2022-09-29 17:42:28.922203Z,1110198951
Texting correct person,multiple_choice,Contacted,2022-09-29 17:42:40.119655Z,2120800245
Texting correct person,multiple_choice,Contacted,2022-09-29 17:44:00.115106Z,1153898979
Texting correct person,multiple_choice,Refused,2022-09-29 17:54:19.329870Z,1103073300
Texting correct person,multiple_choice,Wrong Number,2022-09-29 17:45:05.232450Z,2185544720
Texting correct person,multiple_choice,Wrong Number,2022-09-29 20:09:22.923096Z,1171719970
Texting correct person,multiple_choice,Refused,2022-09-29 17:45:21.764373Z,2162840308
Texting correct person,multiple_choice,Contacted,2022-09-29 20:22:15.823660Z,2173951744
Texting correct person,multiple_choice,Refused,2022-09-29 17:45:52.286437Z,2186290710
Texting correct person,multiple_choice,Refused,2022-09-29 17:46:06.598153Z,1204663731
Texting correct person,multiple_choice,Wrong Number,2022-09-29 20:22:06.862152Z,1110263301
Texting correct person,multiple_choice,Contacted,2022-09-29 18:21:24.269268Z,1191763736
Texting correct person,multiple_choice,Wrong Number,2022-09-29 17:47:05.611349Z,2168555917
Texting correct person,multiple_choice,Wrong Number,2022-09-29 17:47:13.009780Z,2126486961
Texting correct person,multiple_choice,Refused,2022-09-29 17:47:59.013513Z,1173592928
Texting correct person,multiple_choice,Wrong Number,2022-09-29 17:51:59.817063Z,1110643497
Texting correct person,multiple_choice,Wrong Number,2022-09-29 17:52:20.859612Z,1218577067
Texting correct person,multiple_choice,Refused,2022-09-29 17:49:27.581389Z,1199403770
Texting correct person,multiple_choice,Contacted,2022-09-29 18:33:35.964244Z,1144441025
Texting correct person,multiple_choice,Contacted,2022-09-29 18:41:33.650255Z,1043427395
Texting correct person,multiple_choice,Refused,2022-09-29 17:50:51.112001Z,2147856514
Texting correct person,multiple_choice,Refused,2022-09-29 17:51:05.799740Z,1108798354
Texting correct person,multiple_choice,Refused,2022-09-29 17:54:41.233902Z,1103258780
Texting correct person,multiple_choice,Contacted,2022-09-29 18:22:40.776266Z,2156642512
Texting correct person,multiple_choice,Contacted,2022-09-29 17:53:40.854831Z,2148237430
Texting correct person,multiple_choice,Contacted,2022-09-29 20:09:08.757442Z,1103719255
Planning to vote?,yes_no,Yes,2022-10-04 19:06:44.132115Z,1102751899
Planning to vote?,yes_no,Yes,2022-10-04 19:14:28.049782Z,1116682880
Planning to vote?,yes_no,No,2022-10-04 19:14:56.060794Z,1179530270
Planning to vote?,yes_no,Yes,2022-10-04 19:15:10.058889Z,1102321583
Planning to vote?,yes_no,Yes,2022-10-04 19:06:58.699260Z,2176309561
Planning to vote?,yes_no,No,2022-10-04 19:06:34.293579Z,1119228792
Texting correct person,multiple_choice,Wrong Number,2022-10-04 19:06:14.001803Z,1110651623
Texting correct person,multiple_choice,Wrong Number,2022-10-04 19:07:04.567946Z,2156536367
Texting correct person,multiple_choice,Wrong Number,2022-10-04 19:13:45.027529Z,1119228792
Texting correct person,multiple_choice,Contacted,2022-10-04 19:14:20.406719Z,2128652897
Texting correct person,multiple_choice,Contacted,2022-10-04 19:14:36.306366Z,2145147379
Texting correct person,multiple_choice,Contacted,2022-10-04 19:14:42.506975Z,2121376034
Texting correct person,multiple_choice,Contacted,2022-10-04 19:14:49.625273Z,1111255278
Texting correct person,multiple_choice,Contacted,2022-10-04 19:14:59.295759Z,1179530270
Texting correct person,multiple_choice,Contacted,2022-10-04 19:15:11.227870Z,1102321583
Texting correct person,multiple_choice,Contacted,2022-10-04 19:06:48.437398Z,1102751899
Texting correct person,multiple_choice,Contacted,2022-10-04 19:14:29.454715Z,1116682880
Texting correct person,multiple_choice,Wrong Number,2022-10-19 17:06:25.798070Z,1191751143
Planning to vote?,yes_no,Yes,2022-10-28 14:10:11.101282Z,1213614231
Planning to vote?,yes_no,Yes,2022-10-28 14:27:21.065879Z,1205765177
Planning to vote?,yes_no,Yes,2022-10-30 19:10:24.505424Z,2001847389
Planning to vote?,yes_no,Yes,2022-10-27 21:26:49.054073Z,2129093618
Planning to vote?,yes_no,Yes,2022-10-27 16:37:05.270244Z,2186509165
Planning to vote?,yes_no,Yes,2022-10-27 16:46:58.950040Z,2160115952
Planning to vote?,yes_no,Yes,2022-10-27 17:22:46.985772Z,1161501775
Planning to vote?,yes_no,Yes,2022-10-27 17:05:36.422080Z,2184005065
Planning to vote?,yes_no,Yes,2022-10-27 16:56:42.291383Z,2148862425
Planning to vote?,yes_no,Yes,2022-10-27 16:40:04.945115Z,1165576025
Planning to vote?,yes_no,Yes,2022-10-27 17:49:07.966221Z,1102620312
Planning to vote?,yes_no,Yes,2022-10-27 17:00:09.733674Z,2179587769
Planning to vote?,yes_no,Yes,2022-10-27 17:14:34.753886Z,2145890750
Planning to vote?,yes_no,Yes,2022-10-27 17:42:56.779536Z,1155432468
Planning to vote?,yes_no,Yes,2022-10-27 17:51:17.979681Z,2142826236
Planning to vote?,yes_no,Yes,2022-10-27 16:32:44.503094Z,1112367208
Planning to vote?,yes_no,Yes,2022-10-27 17:53:40.047586Z,2125071671
Planning to vote?,yes_no,Yes,2022-10-27 16:15:50.484631Z,1103154991
Planning to vote?,yes_no,Yes,2022-10-27 17:46:55.692222Z,1111618703
Planning to vote?,yes_no,Yes,2022-10-27 17:52:39.855947Z,2185681452
Planning to vote?,yes_no,Yes,2022-10-27 16:38:42.146213Z,1170995500
Planning to vote?,yes_no,Yes,2022-10-27 17:54:25.296887Z,1195738882
Planning to vote?,yes_no,Yes,2022-10-27 17:15:15.775990Z,2125750267
Planning to vote?,yes_no,Yes,2022-10-27 17:37:33.431809Z,1212626025
Planning to vote?,yes_no,Yes,2022-10-27 23:54:37.614154Z,1115348020
Planning to vote?,yes_no,Yes,2022-10-27 17:49:33.365658Z,1215627954
Planning to vote?,yes_no,Yes,2022-10-27 22:17:06.826348Z,1202267390
Planning to vote?,yes_no,Yes,2022-10-27 22:18:07.928594Z,2127690180
Planning to vote?,yes_no,Yes,2022-10-27 19:21:42.725487Z,2186425136
Do you have the proper ID to vote?,multiple_choice,Yes,2022-10-30 19:10:22.514439Z,2001847389
Do you have the proper ID to vote?,multiple_choice,Yes,2022-10-28 14:42:09.669016Z,1205765177
Do you have the proper ID to vote?,multiple_choice,Yes,2022-10-27 19:19:27.195810Z,1215627954
Do you have the proper ID to vote?,multiple_choice,Yes,2022-10-27 16:40:07.274154Z,1165576025
Do you have the proper ID to vote?,multiple_choice,Yes,2022-10-27 17:46:54.703063Z,1111618703
Do you have the proper ID to vote?,multiple_choice,Yes,2022-10-27 21:22:55.207988Z,2129093618
Do you have the proper ID to vote?,multiple_choice,Yes,2022-10-27 16:38:43.727249Z,1170995500
Do you have the proper ID to vote?,multiple_choice,Yes,2022-10-27 18:03:23.344059Z,1150168717
Do you have the proper ID to vote?,multiple_choice,Yes,2022-10-27 17:00:08.889452Z,2179587769
Do you have the proper ID to vote?,multiple_choice,Yes,2022-10-27 16:37:03.402959Z,2186509165
Do you have the proper ID to vote?,multiple_choice,Yes,2022-10-27 16:32:46.491159Z,1112367208
Do you have the proper ID to vote?,multiple_choice,Yes,2022-10-27 17:54:27.112437Z,1195738882
Do you have the proper ID to vote?,multiple_choice,Yes,2022-10-27 17:53:39.044876Z,2125071671
Do you have the proper ID to vote?,multiple_choice,Yes,2022-10-27 17:49:09.561443Z,1102620312
Do you have the proper ID to vote?,multiple_choice,Yes,2022-10-27 17:37:31.776990Z,1212626025
Do you have the proper ID to vote?,multiple_choice,Yes,2022-10-27 17:54:42.132337Z,2142826236
Do you have the proper ID to vote?,multiple_choice,Yes,2022-10-27 16:46:56.869755Z,2160115952
Do you have the proper ID to vote?,multiple_choice,Yes,2022-10-27 23:54:35.096107Z,1115348020
Do you have the proper ID to vote?,multiple_choice,Yes,2022-10-27 22:22:02.984598Z,2124474180
Texting correct person,multiple_choice,Refused,2022-10-27 17:45:25.117563Z,1112344251
Texting correct person,multiple_choice,Wrong Number,2022-10-27 16:41:26.901104Z,1206764191
Texting correct person,multiple_choice,Contacted,2022-10-27 16:40:08.509869Z,1165576025
Texting correct person,multiple_choice,Contacted,2022-10-27 16:38:45.290157Z,1170995500
Texting correct person,multiple_choice,Contacted,2022-10-27 16:37:06.893235Z,2186509165
Texting correct person,multiple_choice,Contacted,2022-10-27 16:46:53.322469Z,2160115952
Texting correct person,multiple_choice,Wrong Number,2022-10-27 17:45:06.601289Z,1103127098
Texting correct person,multiple_choice,Wrong Number,2022-10-27 22:22:17.840806Z,1180202548
Texting the Right Person,multiple_choice,Wrong Number,2022-10-27 17:48:22.234678Z,2159944904
Texting the Right Person,multiple_choice,Wrong Number,2022-10-27 17:37:58.731833Z,1150208587
Texting the Right Person,multiple_choice,Wrong Number,2022-10-27 21:12:31.030381Z,2159450097
Texting the Right Person,multiple_choice,Wrong Number,2022-10-27 18:01:57.578494Z,1200487540
Texting the Right Person,multiple_choice,Wrong Number,2022-10-27 17:48:45.875951Z,2141428519
Planning to vote?,yes_no,Yes,2022-11-01 14:19:44.753114Z,1106105154
Planning to vote?,yes_no,Yes,2022-11-01 16:50:24.284647Z,1103138424
Planning to vote?,yes_no,Yes,2022-11-07 18:24:14.057572Z,1202853695
Planning to vote?,yes_no,Yes,2022-11-07 18:18:11.008107Z,2156135067
Planning to vote?,yes_no,Yes,2022-11-07 17:48:59.846619Z,2149455358
Planning to vote?,yes_no,Yes,2022-11-07 17:56:36.782130Z,2142826431
Planning to vote?,yes_no,Yes,2022-11-07 18:05:28.233496Z,1111151694
Planning to vote?,yes_no,Yes,2022-11-07 18:17:51.128083Z,2172452515
Planning to vote?,yes_no,Yes,2022-11-07 17:40:22.105049Z,1144604993
Planning to vote?,yes_no,Yes,2022-11-07 18:14:33.961468Z,1198810419
Planning to vote?,yes_no,Yes,2022-11-07 18:16:05.613163Z,1161412283
Planning to vote?,yes_no,Yes,2022-11-07 17:47:38.174857Z,1119196450
Planning to vote?,yes_no,Yes,2022-11-07 17:37:34.757076Z,2138313939
Planning to vote?,yes_no,Yes,2022-11-07 18:16:17.530394Z,1162148270
Planning to vote?,yes_no,No,2022-11-07 17:41:10.917977Z,1106633023
Planning to vote?,yes_no,Yes,2022-11-07 18:11:49.447831Z,2148807335
Planning to vote?,yes_no,Yes,2022-11-07 18:22:57.262129Z,1102720198
Planning to vote?,yes_no,Yes,2022-11-07 17:49:41.799637Z,2159537610
Planning to vote?,yes_no,Yes,2022-11-07 17:44:44.766457Z,1102816366
Planning to vote?,yes_no,Yes,2022-11-07 17:44:29.848098Z,2185766508
Planning to vote?,yes_no,Yes,2022-11-07 18:44:02.168032Z,2153967188
Planning to vote?,yes_no,No,2022-11-07 17:22:15.399304Z,1111808332
Planning to vote?,yes_no,Yes,2022-11-07 18:14:18.044997Z,1108858411
Planning to vote?,yes_no,Yes,2022-11-07 16:36:16.181943Z,2144885988
Planning to vote?,yes_no,Yes,2022-11-07 18:13:49.127074Z,2147097909
Planning to vote?,yes_no,Yes,2022-11-07 18:37:31.477608Z,1111255975
Planning to vote?,yes_no,Yes,2022-11-07 17:48:42.418452Z,1219219737
Planning to vote?,yes_no,Yes,2022-11-07 17:38:59.186127Z,1113618459
Planning to vote?,yes_no,Yes,2022-11-07 17:48:28.634432Z,2139834299
Planning to vote?,yes_no,Yes,2022-11-07 17:43:04.938724Z,1117512992
Planning to vote?,yes_no,Yes,2022-11-07 18:05:06.180625Z,1111908026
Planning to vote?,yes_no,Yes,2022-11-07 18:10:33.841714Z,2147157806
Planning to vote?,yes_no,Yes,2022-11-07 18:04:34.715384Z,1109243921
Planning to vote?,yes_no,Yes,2022-11-07 17:44:52.759655Z,1109169518
Planning to vote?,yes_no,Yes,2022-11-07 17:55:39.161502Z,1120760568
Planning to vote?,yes_no,No,2022-11-07 18:51:16.423558Z,1203986932
Planning to vote?,yes_no,Yes,2022-11-07 17:19:23.853521Z,1103057439
Planning to vote?,yes_no,Yes,2022-11-07 17:44:40.119631Z,2135987729
Planning to vote?,yes_no,Yes,2022-11-07 17:47:37.863644Z,1211833266
Planning to vote?,yes_no,Yes,2022-11-07 18:33:22.972744Z,2001841219
Planning to vote?,yes_no,Yes,2022-11-07 18:10:57.132904Z,2187101020
Planning to vote?,yes_no,Yes,2022-11-07 18:06:52.664702Z,2126045152
Planning to vote?,yes_no,Yes,2022-11-07 17:41:55.465022Z,1221129800
Planning to vote?,yes_no,Yes,2022-11-07 18:47:19.583273Z,1031310768
Planning to vote?,yes_no,No,2022-11-07 18:20:41.027755Z,1219443894
Planning to vote?,yes_no,Yes,2022-11-07 17:50:38.044796Z,1165908532
Planning to vote?,yes_no,Yes,2022-11-07 17:42:30.117921Z,2000958971
Planning to vote?,yes_no,Yes,2022-11-07 17:47:47.479429Z,1174343263
Planning to vote?,yes_no,Yes,2022-11-07 17:43:24.249872Z,2185547466
Planning to vote?,yes_no,Yes,2022-11-07 18:54:39.541263Z,1107676492
Planning to vote?,yes_no,Yes,2022-11-07 17:49:32.063327Z,1155812895
Planning to vote?,yes_no,Yes,2022-11-07 17:45:15.653497Z,1207207117
Planning to vote?,yes_no,Yes,2022-11-07 16:35:05.470835Z,2186670142
Planning to vote?,yes_no,Yes,2022-11-07 18:15:46.961068Z,2193004265
Planning to vote?,yes_no,Yes,2022-11-07 17:50:51.067764Z,2142823775
Planning to vote?,yes_no,No,2022-11-07 18:19:16.291205Z,2002798857
Planning to vote?,yes_no,No,2022-11-07 18:14:54.065666Z,2187267253
Planning to vote?,yes_no,Yes,2022-11-07 18:05:38.736458Z,2129784328
Planning to vote?,yes_no,Yes,2022-11-07 18:42:15.577162Z,1041564212
Planning to vote?,yes_no,Yes,2022-11-07 18:19:02.287884Z,1090798474
Planning to vote?,yes_no,Yes,2022-11-07 17:38:08.668135Z,1116752541
Planning to vote?,yes_no,Yes,2022-11-07 17:39:22.187529Z,1199050727
Planning to vote?,yes_no,Yes,2022-11-07 17:50:19.379977Z,2188895084
Planning to vote?,yes_no,Yes,2022-11-07 17:41:32.421377Z,2159827993
Planning to vote?,yes_no,Yes,2022-11-07 17:48:19.118289Z,2127338973
Planning to vote?,yes_no,No,2022-11-07 17:40:09.639592Z,2184244286
Planning to vote?,yes_no,Yes,2022-11-07 18:17:14.661360Z,1112440204
Planning to vote?,yes_no,Yes,2022-11-07 23:53:23.029712Z,1219808733
Do you have the proper ID to vote?,multiple_choice,Yes,2022-11-01 14:21:07.145475Z,1190947639
Do you have the proper ID to vote?,multiple_choice,Yes,2022-11-01 16:47:39.452613Z,2134300790
Do you have the proper ID to vote?,multiple_choice,Yes,2022-11-01 16:50:25.414022Z,1103138424
Do you have the proper ID to vote?,multiple_choice,Unsure,2022-11-02 14:55:30.549533Z,1204283030
Do you have the proper ID to vote?,multiple_choice,Yes,2022-11-07 18:54:37.779388Z,1107676492
Do you have the proper ID to vote?,multiple_choice,No,2022-11-07 17:22:29.979714Z,1111808332
Do you have the proper ID to vote?,multiple_choice,Yes,2022-11-07 17:41:51.604011Z,1221129800
Do you have the proper ID to vote?,multiple_choice,Yes,2022-11-07 18:01:12.701970Z,1102360166
Do you have the proper ID to vote?,multiple_choice,Yes,2022-11-07 17:20:07.312376Z,1103057439
Do you have the proper ID to vote?,multiple_choice,Yes,2022-11-07 18:42:14.107029Z,1041564212
Do you have the proper ID to vote?,multiple_choice,Yes,2022-11-07 18:04:32.083654Z,1109243921
Texting correct person,multiple_choice,Contacted,2022-11-01 14:21:08.503141Z,1190947639
Texting correct person,multiple_choice,Wrong Number,2022-11-01 16:47:27.385381Z,1172193629
Texting correct person,multiple_choice,Wrong Number,2022-11-07 23:52:38.796096Z,1141587149
Texting correct person,multiple_choice,Wrong Number,2022-11-07 18:11:10.146830Z,1119034836
Texting correct person,multiple_choice,Refused,2022-11-07 17:22:27.943496Z,1111808332
Texting correct person,multiple_choice,Contacted,2022-11-07 17:20:02.730568Z,1103057439
Texting correct person,multiple_choice,Wrong Number,2022-11-07 17:37:18.889784Z,1119171499
Texting correct person,multiple_choice,Wrong Number,2022-11-07 18:04:58.174199Z,2151274650
Texting correct person,multiple_choice,Wrong Number,2022-11-07 18:11:41.797071Z,2137340175
Texting correct person,multiple_choice,Wrong Number,2022-11-07 18:51:24.454135Z,2174314541
Texting correct person,multiple_choice,Wrong Number,2022-11-07 18:12:37.861446Z,2157246237
Texting correct person,multiple_choice,Wrong Number,2022-11-07 18:11:33.129410Z,2156159044
Texting correct person,multiple_choice,Wrong Number,2022-11-07 17:28:57.954308Z,1215905465
Texting correct person,multiple_choice,Wrong Number,2022-11-07 18:14:13.361280Z,1146975175
Texting correct person,multiple_choice,Wrong Number,2022-11-07 18:15:40.453814Z,1218915157
Texting correct person,multiple_choice,Wrong Number,2022-11-07 18:17:38.485669Z,2120401652
Texting the Right Person,multiple_choice,Wrong Number,2022-11-01 16:16:40.946067Z,2161374110
Texting the Right Person,multiple_choice,Wrong Number,2022-11-07 17:41:43.069220Z,2185681343
Texting the Right Person,multiple_choice,Wrong Number,2022-11-07 17:48:13.435788Z,1208260799